-- Dairo Status seed — generated by migration/migrate.mjs
-- Source: DynamoDB table "dairo_status" (eu-west-1) at 2026-07-14T14:30:06.093Z
-- Apply with: wrangler d1 execute <db> --file migration/seed.sql
PRAGMA foreign_keys = OFF;
BEGIN TRANSACTION;

-- pages
INSERT OR REPLACE INTO pages (id, slug, title, description, icon, homepage_url, contact_url, allow_index, show_uptime, updated_at) VALUES (1, 'status', 'Dairo Status', 'Live status and uptime for Dairo, email infrastructure for AI agents.', '', NULL, NULL, 1, 1, '2026-07-01T23:55:19+00:00');

-- monitors
INSERT OR REPLACE INTO monitors (id, name, external_name, url, method, active, created_at, updated_at, deleted_at) VALUES (1, 'Dairo API', 'API', 'https://api.dairo.app/health', 'GET', 1, '2026-07-01T23:53:55+00:00', '2026-07-01T23:53:55+00:00', NULL);
INSERT OR REPLACE INTO monitors (id, name, external_name, url, method, active, created_at, updated_at, deleted_at) VALUES (2, 'Email', 'Email Delivery', 'https://api.dairo.app/health/ses', 'GET', 1, '2026-07-01T23:54:25+00:00', '2026-07-01T23:54:25+00:00', NULL);
INSERT OR REPLACE INTO monitors (id, name, external_name, url, method, active, created_at, updated_at, deleted_at) VALUES (3, 'Storage', 'Attachments', 'https://api.dairo.app/health/storage', 'GET', 1, '2026-07-01T23:54:30+00:00', '2026-07-01T23:54:30+00:00', NULL);
INSERT OR REPLACE INTO monitors (id, name, external_name, url, method, active, created_at, updated_at, deleted_at) VALUES (5, 'AI Extraction', 'AI Worker', 'https://api.dairo.app/health/inference', 'GET', 1, '2026-07-01T23:54:39+00:00', '2026-07-01T23:54:39+00:00', NULL);
INSERT OR REPLACE INTO monitors (id, name, external_name, url, method, active, created_at, updated_at, deleted_at) VALUES (6, 'Webhooks', 'Webhooks', 'https://api.dairo.app/health/webhooks', 'GET', 1, '2026-07-01T23:54:44+00:00', '2026-07-01T23:54:44+00:00', NULL);
INSERT OR REPLACE INTO monitors (id, name, external_name, url, method, active, created_at, updated_at, deleted_at) VALUES (7, 'MCP Server', 'MCP Gateway', 'https://api.dairo.app/health/mcp', 'GET', 1, '2026-07-01T23:54:49+00:00', '2026-07-01T23:54:49+00:00', NULL);
INSERT OR REPLACE INTO monitors (id, name, external_name, url, method, active, created_at, updated_at, deleted_at) VALUES (8, 'Physical Mail', 'Physical Mail', 'https://api.dairo.app/health/letters', 'GET', 1, '2026-07-01T23:54:53+00:00', '2026-07-01T23:54:53+00:00', NULL);
INSERT OR REPLACE INTO monitors (id, name, external_name, url, method, active, created_at, updated_at, deleted_at) VALUES (4, 'Database', 'Database', 'https://api.dairo.app/health/database', 'GET', 1, '2026-07-14T14:30:06.093Z', '2026-07-14T14:30:06.093Z', NULL);

-- monitor_status
INSERT OR REPLACE INTO monitor_status (monitor_id, status, last_checked_at, last_code, last_latency_ms) VALUES (3, 'active', '2026-07-14T14:29:39.856Z', 200, 281);
INSERT OR REPLACE INTO monitor_status (monitor_id, status, last_checked_at, last_code, last_latency_ms) VALUES (5, 'active', '2026-07-14T14:29:40.033Z', 200, 456);
INSERT OR REPLACE INTO monitor_status (monitor_id, status, last_checked_at, last_code, last_latency_ms) VALUES (8, 'active', '2026-07-14T14:29:40.178Z', 200, 584);
INSERT OR REPLACE INTO monitor_status (monitor_id, status, last_checked_at, last_code, last_latency_ms) VALUES (7, 'active', '2026-07-14T14:29:39.802Z', 200, 207);
INSERT OR REPLACE INTO monitor_status (monitor_id, status, last_checked_at, last_code, last_latency_ms) VALUES (4, 'active', '2026-07-14T14:29:40.073Z', 200, 477);
INSERT OR REPLACE INTO monitor_status (monitor_id, status, last_checked_at, last_code, last_latency_ms) VALUES (2, 'active', '2026-07-14T14:29:39.995Z', 200, 398);
INSERT OR REPLACE INTO monitor_status (monitor_id, status, last_checked_at, last_code, last_latency_ms) VALUES (6, 'active', '2026-07-14T14:29:40.114Z', 200, 515);
INSERT OR REPLACE INTO monitor_status (monitor_id, status, last_checked_at, last_code, last_latency_ms) VALUES (1, 'active', '2026-07-14T14:29:39.897Z', 200, 298);

-- components
INSERT OR REPLACE INTO components (id, page_id, monitor_id, name, description, sort_order, group_id) VALUES (1, 1, 1, 'API', NULL, 0, NULL);
INSERT OR REPLACE INTO components (id, page_id, monitor_id, name, description, sort_order, group_id) VALUES (2, 1, 2, 'Email Delivery', NULL, 1, NULL);
INSERT OR REPLACE INTO components (id, page_id, monitor_id, name, description, sort_order, group_id) VALUES (3, 1, 3, 'Attachments', NULL, 2, NULL);
INSERT OR REPLACE INTO components (id, page_id, monitor_id, name, description, sort_order, group_id) VALUES (5, 1, 5, 'AI Worker', NULL, 4, NULL);
INSERT OR REPLACE INTO components (id, page_id, monitor_id, name, description, sort_order, group_id) VALUES (6, 1, 6, 'Webhooks', NULL, 5, NULL);
INSERT OR REPLACE INTO components (id, page_id, monitor_id, name, description, sort_order, group_id) VALUES (7, 1, 7, 'MCP Gateway', NULL, 6, NULL);
INSERT OR REPLACE INTO components (id, page_id, monitor_id, name, description, sort_order, group_id) VALUES (8, 1, 8, 'Physical Mail', NULL, 7, NULL);

-- uptime_daily
INSERT OR REPLACE INTO uptime_daily (monitor_id, day, ok, total) VALUES (3, '2026-05-19', 720, 720);
INSERT OR REPLACE INTO uptime_daily (monitor_id, day, ok, total) VALUES (3, '2026-05-20', 720, 720);
INSERT OR REPLACE INTO uptime_daily (monitor_id, day, ok, total) VALUES (3, '2026-05-21', 720, 720);
INSERT OR REPLACE INTO uptime_daily (monitor_id, day, ok, total) VALUES (3, '2026-05-22', 720, 720);
INSERT OR REPLACE INTO uptime_daily (monitor_id, day, ok, total) VALUES (3, '2026-05-23', 720, 720);
INSERT OR REPLACE INTO uptime_daily (monitor_id, day, ok, total) VALUES (3, '2026-05-24', 720, 720);
INSERT OR REPLACE INTO uptime_daily (monitor_id, day, ok, total) VALUES (3, '2026-05-25', 720, 720);
INSERT OR REPLACE INTO uptime_daily (monitor_id, day, ok, total) VALUES (3, '2026-05-26', 720, 720);
INSERT OR REPLACE INTO uptime_daily (monitor_id, day, ok, total) VALUES (3, '2026-05-27', 720, 720);
INSERT OR REPLACE INTO uptime_daily (monitor_id, day, ok, total) VALUES (3, '2026-05-28', 720, 720);
INSERT OR REPLACE INTO uptime_daily (monitor_id, day, ok, total) VALUES (3, '2026-05-29', 720, 720);
INSERT OR REPLACE INTO uptime_daily (monitor_id, day, ok, total) VALUES (3, '2026-05-30', 720, 720);
INSERT OR REPLACE INTO uptime_daily (monitor_id, day, ok, total) VALUES (3, '2026-05-31', 720, 720);
INSERT OR REPLACE INTO uptime_daily (monitor_id, day, ok, total) VALUES (3, '2026-06-01', 720, 720);
INSERT OR REPLACE INTO uptime_daily (monitor_id, day, ok, total) VALUES (3, '2026-06-02', 720, 720);
INSERT OR REPLACE INTO uptime_daily (monitor_id, day, ok, total) VALUES (3, '2026-06-03', 720, 720);
INSERT OR REPLACE INTO uptime_daily (monitor_id, day, ok, total) VALUES (3, '2026-06-04', 720, 720);
INSERT OR REPLACE INTO uptime_daily (monitor_id, day, ok, total) VALUES (3, '2026-06-05', 720, 720);
INSERT OR REPLACE INTO uptime_daily (monitor_id, day, ok, total) VALUES (3, '2026-06-06', 720, 720);
INSERT OR REPLACE INTO uptime_daily (monitor_id, day, ok, total) VALUES (3, '2026-06-07', 720, 720);
INSERT OR REPLACE INTO uptime_daily (monitor_id, day, ok, total) VALUES (3, '2026-06-08', 720, 720);
INSERT OR REPLACE INTO uptime_daily (monitor_id, day, ok, total) VALUES (3, '2026-06-09', 720, 720);
INSERT OR REPLACE INTO uptime_daily (monitor_id, day, ok, total) VALUES (3, '2026-06-10', 720, 720);
INSERT OR REPLACE INTO uptime_daily (monitor_id, day, ok, total) VALUES (3, '2026-06-11', 720, 720);
INSERT OR REPLACE INTO uptime_daily (monitor_id, day, ok, total) VALUES (3, '2026-06-12', 720, 720);
INSERT OR REPLACE INTO uptime_daily (monitor_id, day, ok, total) VALUES (3, '2026-06-13', 720, 720);
INSERT OR REPLACE INTO uptime_daily (monitor_id, day, ok, total) VALUES (3, '2026-06-14', 720, 720);
INSERT OR REPLACE INTO uptime_daily (monitor_id, day, ok, total) VALUES (3, '2026-06-15', 720, 720);
INSERT OR REPLACE INTO uptime_daily (monitor_id, day, ok, total) VALUES (3, '2026-06-16', 720, 720);
INSERT OR REPLACE INTO uptime_daily (monitor_id, day, ok, total) VALUES (3, '2026-06-17', 720, 720);
INSERT OR REPLACE INTO uptime_daily (monitor_id, day, ok, total) VALUES (3, '2026-06-18', 720, 720);
INSERT OR REPLACE INTO uptime_daily (monitor_id, day, ok, total) VALUES (3, '2026-06-19', 720, 720);
INSERT OR REPLACE INTO uptime_daily (monitor_id, day, ok, total) VALUES (3, '2026-06-20', 720, 720);
INSERT OR REPLACE INTO uptime_daily (monitor_id, day, ok, total) VALUES (3, '2026-06-21', 720, 720);
INSERT OR REPLACE INTO uptime_daily (monitor_id, day, ok, total) VALUES (3, '2026-06-22', 720, 720);
INSERT OR REPLACE INTO uptime_daily (monitor_id, day, ok, total) VALUES (3, '2026-06-23', 720, 720);
INSERT OR REPLACE INTO uptime_daily (monitor_id, day, ok, total) VALUES (3, '2026-06-24', 720, 720);
INSERT OR REPLACE INTO uptime_daily (monitor_id, day, ok, total) VALUES (3, '2026-06-25', 720, 720);
INSERT OR REPLACE INTO uptime_daily (monitor_id, day, ok, total) VALUES (3, '2026-06-26', 720, 720);
INSERT OR REPLACE INTO uptime_daily (monitor_id, day, ok, total) VALUES (3, '2026-06-27', 720, 720);
INSERT OR REPLACE INTO uptime_daily (monitor_id, day, ok, total) VALUES (3, '2026-06-28', 720, 720);
INSERT OR REPLACE INTO uptime_daily (monitor_id, day, ok, total) VALUES (3, '2026-06-29', 720, 720);
INSERT OR REPLACE INTO uptime_daily (monitor_id, day, ok, total) VALUES (3, '2026-06-30', 720, 720);
INSERT OR REPLACE INTO uptime_daily (monitor_id, day, ok, total) VALUES (3, '2026-07-01', 720, 720);
INSERT OR REPLACE INTO uptime_daily (monitor_id, day, ok, total) VALUES (3, '2026-07-02', 513, 513);
INSERT OR REPLACE INTO uptime_daily (monitor_id, day, ok, total) VALUES (3, '2026-07-03', 721, 721);
INSERT OR REPLACE INTO uptime_daily (monitor_id, day, ok, total) VALUES (3, '2026-07-04', 720, 720);
INSERT OR REPLACE INTO uptime_daily (monitor_id, day, ok, total) VALUES (3, '2026-07-05', 720, 720);
INSERT OR REPLACE INTO uptime_daily (monitor_id, day, ok, total) VALUES (3, '2026-07-06', 720, 720);
INSERT OR REPLACE INTO uptime_daily (monitor_id, day, ok, total) VALUES (3, '2026-07-07', 720, 720);
INSERT OR REPLACE INTO uptime_daily (monitor_id, day, ok, total) VALUES (3, '2026-07-08', 720, 720);
INSERT OR REPLACE INTO uptime_daily (monitor_id, day, ok, total) VALUES (3, '2026-07-09', 720, 720);
INSERT OR REPLACE INTO uptime_daily (monitor_id, day, ok, total) VALUES (3, '2026-07-10', 720, 720);
INSERT OR REPLACE INTO uptime_daily (monitor_id, day, ok, total) VALUES (3, '2026-07-11', 720, 720);
INSERT OR REPLACE INTO uptime_daily (monitor_id, day, ok, total) VALUES (3, '2026-07-12', 720, 720);
INSERT OR REPLACE INTO uptime_daily (monitor_id, day, ok, total) VALUES (3, '2026-07-13', 720, 720);
INSERT OR REPLACE INTO uptime_daily (monitor_id, day, ok, total) VALUES (3, '2026-07-14', 435, 435);
INSERT OR REPLACE INTO uptime_daily (monitor_id, day, ok, total) VALUES (5, '2026-05-19', 720, 720);
INSERT OR REPLACE INTO uptime_daily (monitor_id, day, ok, total) VALUES (5, '2026-05-20', 720, 720);
INSERT OR REPLACE INTO uptime_daily (monitor_id, day, ok, total) VALUES (5, '2026-05-21', 720, 720);
INSERT OR REPLACE INTO uptime_daily (monitor_id, day, ok, total) VALUES (5, '2026-05-22', 720, 720);
INSERT OR REPLACE INTO uptime_daily (monitor_id, day, ok, total) VALUES (5, '2026-05-23', 720, 720);
INSERT OR REPLACE INTO uptime_daily (monitor_id, day, ok, total) VALUES (5, '2026-05-24', 720, 720);
INSERT OR REPLACE INTO uptime_daily (monitor_id, day, ok, total) VALUES (5, '2026-05-25', 720, 720);
INSERT OR REPLACE INTO uptime_daily (monitor_id, day, ok, total) VALUES (5, '2026-05-26', 720, 720);
INSERT OR REPLACE INTO uptime_daily (monitor_id, day, ok, total) VALUES (5, '2026-05-27', 720, 720);
INSERT OR REPLACE INTO uptime_daily (monitor_id, day, ok, total) VALUES (5, '2026-05-28', 720, 720);
INSERT OR REPLACE INTO uptime_daily (monitor_id, day, ok, total) VALUES (5, '2026-05-29', 720, 720);
INSERT OR REPLACE INTO uptime_daily (monitor_id, day, ok, total) VALUES (5, '2026-05-30', 720, 720);
INSERT OR REPLACE INTO uptime_daily (monitor_id, day, ok, total) VALUES (5, '2026-05-31', 720, 720);
INSERT OR REPLACE INTO uptime_daily (monitor_id, day, ok, total) VALUES (5, '2026-06-01', 720, 720);
INSERT OR REPLACE INTO uptime_daily (monitor_id, day, ok, total) VALUES (5, '2026-06-02', 720, 720);
INSERT OR REPLACE INTO uptime_daily (monitor_id, day, ok, total) VALUES (5, '2026-06-03', 720, 720);
INSERT OR REPLACE INTO uptime_daily (monitor_id, day, ok, total) VALUES (5, '2026-06-04', 720, 720);
INSERT OR REPLACE INTO uptime_daily (monitor_id, day, ok, total) VALUES (5, '2026-06-05', 720, 720);
INSERT OR REPLACE INTO uptime_daily (monitor_id, day, ok, total) VALUES (5, '2026-06-06', 720, 720);
INSERT OR REPLACE INTO uptime_daily (monitor_id, day, ok, total) VALUES (5, '2026-06-07', 720, 720);
INSERT OR REPLACE INTO uptime_daily (monitor_id, day, ok, total) VALUES (5, '2026-06-08', 720, 720);
INSERT OR REPLACE INTO uptime_daily (monitor_id, day, ok, total) VALUES (5, '2026-06-09', 720, 720);
INSERT OR REPLACE INTO uptime_daily (monitor_id, day, ok, total) VALUES (5, '2026-06-10', 720, 720);
INSERT OR REPLACE INTO uptime_daily (monitor_id, day, ok, total) VALUES (5, '2026-06-11', 720, 720);
INSERT OR REPLACE INTO uptime_daily (monitor_id, day, ok, total) VALUES (5, '2026-06-12', 720, 720);
INSERT OR REPLACE INTO uptime_daily (monitor_id, day, ok, total) VALUES (5, '2026-06-13', 720, 720);
INSERT OR REPLACE INTO uptime_daily (monitor_id, day, ok, total) VALUES (5, '2026-06-14', 720, 720);
INSERT OR REPLACE INTO uptime_daily (monitor_id, day, ok, total) VALUES (5, '2026-06-15', 720, 720);
INSERT OR REPLACE INTO uptime_daily (monitor_id, day, ok, total) VALUES (5, '2026-06-16', 720, 720);
INSERT OR REPLACE INTO uptime_daily (monitor_id, day, ok, total) VALUES (5, '2026-06-17', 720, 720);
INSERT OR REPLACE INTO uptime_daily (monitor_id, day, ok, total) VALUES (5, '2026-06-18', 720, 720);
INSERT OR REPLACE INTO uptime_daily (monitor_id, day, ok, total) VALUES (5, '2026-06-19', 720, 720);
INSERT OR REPLACE INTO uptime_daily (monitor_id, day, ok, total) VALUES (5, '2026-06-20', 720, 720);
INSERT OR REPLACE INTO uptime_daily (monitor_id, day, ok, total) VALUES (5, '2026-06-21', 720, 720);
INSERT OR REPLACE INTO uptime_daily (monitor_id, day, ok, total) VALUES (5, '2026-06-22', 720, 720);
INSERT OR REPLACE INTO uptime_daily (monitor_id, day, ok, total) VALUES (5, '2026-06-23', 720, 720);
INSERT OR REPLACE INTO uptime_daily (monitor_id, day, ok, total) VALUES (5, '2026-06-24', 720, 720);
INSERT OR REPLACE INTO uptime_daily (monitor_id, day, ok, total) VALUES (5, '2026-06-25', 720, 720);
INSERT OR REPLACE INTO uptime_daily (monitor_id, day, ok, total) VALUES (5, '2026-06-26', 720, 720);
INSERT OR REPLACE INTO uptime_daily (monitor_id, day, ok, total) VALUES (5, '2026-06-27', 720, 720);
INSERT OR REPLACE INTO uptime_daily (monitor_id, day, ok, total) VALUES (5, '2026-06-28', 720, 720);
INSERT OR REPLACE INTO uptime_daily (monitor_id, day, ok, total) VALUES (5, '2026-06-29', 720, 720);
INSERT OR REPLACE INTO uptime_daily (monitor_id, day, ok, total) VALUES (5, '2026-06-30', 720, 720);
INSERT OR REPLACE INTO uptime_daily (monitor_id, day, ok, total) VALUES (5, '2026-07-01', 720, 720);
INSERT OR REPLACE INTO uptime_daily (monitor_id, day, ok, total) VALUES (5, '2026-07-02', 513, 513);
INSERT OR REPLACE INTO uptime_daily (monitor_id, day, ok, total) VALUES (5, '2026-07-03', 721, 721);
INSERT OR REPLACE INTO uptime_daily (monitor_id, day, ok, total) VALUES (5, '2026-07-04', 720, 720);
INSERT OR REPLACE INTO uptime_daily (monitor_id, day, ok, total) VALUES (5, '2026-07-05', 720, 720);
INSERT OR REPLACE INTO uptime_daily (monitor_id, day, ok, total) VALUES (5, '2026-07-06', 720, 720);
INSERT OR REPLACE INTO uptime_daily (monitor_id, day, ok, total) VALUES (5, '2026-07-07', 720, 720);
INSERT OR REPLACE INTO uptime_daily (monitor_id, day, ok, total) VALUES (5, '2026-07-08', 720, 720);
INSERT OR REPLACE INTO uptime_daily (monitor_id, day, ok, total) VALUES (5, '2026-07-09', 720, 720);
INSERT OR REPLACE INTO uptime_daily (monitor_id, day, ok, total) VALUES (5, '2026-07-10', 720, 720);
INSERT OR REPLACE INTO uptime_daily (monitor_id, day, ok, total) VALUES (5, '2026-07-11', 720, 720);
INSERT OR REPLACE INTO uptime_daily (monitor_id, day, ok, total) VALUES (5, '2026-07-12', 720, 720);
INSERT OR REPLACE INTO uptime_daily (monitor_id, day, ok, total) VALUES (5, '2026-07-13', 720, 720);
INSERT OR REPLACE INTO uptime_daily (monitor_id, day, ok, total) VALUES (5, '2026-07-14', 435, 435);
INSERT OR REPLACE INTO uptime_daily (monitor_id, day, ok, total) VALUES (8, '2026-05-19', 720, 720);
INSERT OR REPLACE INTO uptime_daily (monitor_id, day, ok, total) VALUES (8, '2026-05-20', 720, 720);
INSERT OR REPLACE INTO uptime_daily (monitor_id, day, ok, total) VALUES (8, '2026-05-21', 720, 720);
INSERT OR REPLACE INTO uptime_daily (monitor_id, day, ok, total) VALUES (8, '2026-05-22', 720, 720);
INSERT OR REPLACE INTO uptime_daily (monitor_id, day, ok, total) VALUES (8, '2026-05-23', 720, 720);
INSERT OR REPLACE INTO uptime_daily (monitor_id, day, ok, total) VALUES (8, '2026-05-24', 720, 720);
INSERT OR REPLACE INTO uptime_daily (monitor_id, day, ok, total) VALUES (8, '2026-05-25', 720, 720);
INSERT OR REPLACE INTO uptime_daily (monitor_id, day, ok, total) VALUES (8, '2026-05-26', 720, 720);
INSERT OR REPLACE INTO uptime_daily (monitor_id, day, ok, total) VALUES (8, '2026-05-27', 720, 720);
INSERT OR REPLACE INTO uptime_daily (monitor_id, day, ok, total) VALUES (8, '2026-05-28', 720, 720);
INSERT OR REPLACE INTO uptime_daily (monitor_id, day, ok, total) VALUES (8, '2026-05-29', 720, 720);
INSERT OR REPLACE INTO uptime_daily (monitor_id, day, ok, total) VALUES (8, '2026-05-30', 720, 720);
INSERT OR REPLACE INTO uptime_daily (monitor_id, day, ok, total) VALUES (8, '2026-05-31', 720, 720);
INSERT OR REPLACE INTO uptime_daily (monitor_id, day, ok, total) VALUES (8, '2026-06-01', 720, 720);
INSERT OR REPLACE INTO uptime_daily (monitor_id, day, ok, total) VALUES (8, '2026-06-02', 720, 720);
INSERT OR REPLACE INTO uptime_daily (monitor_id, day, ok, total) VALUES (8, '2026-06-03', 720, 720);
INSERT OR REPLACE INTO uptime_daily (monitor_id, day, ok, total) VALUES (8, '2026-06-04', 720, 720);
INSERT OR REPLACE INTO uptime_daily (monitor_id, day, ok, total) VALUES (8, '2026-06-05', 720, 720);
INSERT OR REPLACE INTO uptime_daily (monitor_id, day, ok, total) VALUES (8, '2026-06-06', 720, 720);
INSERT OR REPLACE INTO uptime_daily (monitor_id, day, ok, total) VALUES (8, '2026-06-07', 720, 720);
INSERT OR REPLACE INTO uptime_daily (monitor_id, day, ok, total) VALUES (8, '2026-06-08', 720, 720);
INSERT OR REPLACE INTO uptime_daily (monitor_id, day, ok, total) VALUES (8, '2026-06-09', 720, 720);
INSERT OR REPLACE INTO uptime_daily (monitor_id, day, ok, total) VALUES (8, '2026-06-10', 720, 720);
INSERT OR REPLACE INTO uptime_daily (monitor_id, day, ok, total) VALUES (8, '2026-06-11', 720, 720);
INSERT OR REPLACE INTO uptime_daily (monitor_id, day, ok, total) VALUES (8, '2026-06-12', 720, 720);
INSERT OR REPLACE INTO uptime_daily (monitor_id, day, ok, total) VALUES (8, '2026-06-13', 720, 720);
INSERT OR REPLACE INTO uptime_daily (monitor_id, day, ok, total) VALUES (8, '2026-06-14', 720, 720);
INSERT OR REPLACE INTO uptime_daily (monitor_id, day, ok, total) VALUES (8, '2026-06-15', 720, 720);
INSERT OR REPLACE INTO uptime_daily (monitor_id, day, ok, total) VALUES (8, '2026-06-16', 720, 720);
INSERT OR REPLACE INTO uptime_daily (monitor_id, day, ok, total) VALUES (8, '2026-06-17', 720, 720);
INSERT OR REPLACE INTO uptime_daily (monitor_id, day, ok, total) VALUES (8, '2026-06-18', 720, 720);
INSERT OR REPLACE INTO uptime_daily (monitor_id, day, ok, total) VALUES (8, '2026-06-19', 720, 720);
INSERT OR REPLACE INTO uptime_daily (monitor_id, day, ok, total) VALUES (8, '2026-06-20', 720, 720);
INSERT OR REPLACE INTO uptime_daily (monitor_id, day, ok, total) VALUES (8, '2026-06-21', 720, 720);
INSERT OR REPLACE INTO uptime_daily (monitor_id, day, ok, total) VALUES (8, '2026-06-22', 720, 720);
INSERT OR REPLACE INTO uptime_daily (monitor_id, day, ok, total) VALUES (8, '2026-06-23', 720, 720);
INSERT OR REPLACE INTO uptime_daily (monitor_id, day, ok, total) VALUES (8, '2026-06-24', 720, 720);
INSERT OR REPLACE INTO uptime_daily (monitor_id, day, ok, total) VALUES (8, '2026-06-25', 720, 720);
INSERT OR REPLACE INTO uptime_daily (monitor_id, day, ok, total) VALUES (8, '2026-06-26', 720, 720);
INSERT OR REPLACE INTO uptime_daily (monitor_id, day, ok, total) VALUES (8, '2026-06-27', 720, 720);
INSERT OR REPLACE INTO uptime_daily (monitor_id, day, ok, total) VALUES (8, '2026-06-28', 720, 720);
INSERT OR REPLACE INTO uptime_daily (monitor_id, day, ok, total) VALUES (8, '2026-06-29', 720, 720);
INSERT OR REPLACE INTO uptime_daily (monitor_id, day, ok, total) VALUES (8, '2026-06-30', 720, 720);
INSERT OR REPLACE INTO uptime_daily (monitor_id, day, ok, total) VALUES (8, '2026-07-01', 720, 720);
INSERT OR REPLACE INTO uptime_daily (monitor_id, day, ok, total) VALUES (8, '2026-07-02', 502, 502);
INSERT OR REPLACE INTO uptime_daily (monitor_id, day, ok, total) VALUES (8, '2026-07-03', 721, 721);
INSERT OR REPLACE INTO uptime_daily (monitor_id, day, ok, total) VALUES (8, '2026-07-04', 720, 720);
INSERT OR REPLACE INTO uptime_daily (monitor_id, day, ok, total) VALUES (8, '2026-07-05', 720, 720);
INSERT OR REPLACE INTO uptime_daily (monitor_id, day, ok, total) VALUES (8, '2026-07-06', 720, 720);
INSERT OR REPLACE INTO uptime_daily (monitor_id, day, ok, total) VALUES (8, '2026-07-07', 720, 720);
INSERT OR REPLACE INTO uptime_daily (monitor_id, day, ok, total) VALUES (8, '2026-07-08', 720, 720);
INSERT OR REPLACE INTO uptime_daily (monitor_id, day, ok, total) VALUES (8, '2026-07-09', 720, 720);
INSERT OR REPLACE INTO uptime_daily (monitor_id, day, ok, total) VALUES (8, '2026-07-10', 720, 720);
INSERT OR REPLACE INTO uptime_daily (monitor_id, day, ok, total) VALUES (8, '2026-07-11', 720, 720);
INSERT OR REPLACE INTO uptime_daily (monitor_id, day, ok, total) VALUES (8, '2026-07-12', 720, 720);
INSERT OR REPLACE INTO uptime_daily (monitor_id, day, ok, total) VALUES (8, '2026-07-13', 720, 720);
INSERT OR REPLACE INTO uptime_daily (monitor_id, day, ok, total) VALUES (8, '2026-07-14', 435, 435);
INSERT OR REPLACE INTO uptime_daily (monitor_id, day, ok, total) VALUES (7, '2026-05-19', 720, 720);
INSERT OR REPLACE INTO uptime_daily (monitor_id, day, ok, total) VALUES (7, '2026-05-20', 720, 720);
INSERT OR REPLACE INTO uptime_daily (monitor_id, day, ok, total) VALUES (7, '2026-05-21', 720, 720);
INSERT OR REPLACE INTO uptime_daily (monitor_id, day, ok, total) VALUES (7, '2026-05-22', 720, 720);
INSERT OR REPLACE INTO uptime_daily (monitor_id, day, ok, total) VALUES (7, '2026-05-23', 720, 720);
INSERT OR REPLACE INTO uptime_daily (monitor_id, day, ok, total) VALUES (7, '2026-05-24', 720, 720);
INSERT OR REPLACE INTO uptime_daily (monitor_id, day, ok, total) VALUES (7, '2026-05-25', 720, 720);
INSERT OR REPLACE INTO uptime_daily (monitor_id, day, ok, total) VALUES (7, '2026-05-26', 720, 720);
INSERT OR REPLACE INTO uptime_daily (monitor_id, day, ok, total) VALUES (7, '2026-05-27', 720, 720);
INSERT OR REPLACE INTO uptime_daily (monitor_id, day, ok, total) VALUES (7, '2026-05-28', 720, 720);
INSERT OR REPLACE INTO uptime_daily (monitor_id, day, ok, total) VALUES (7, '2026-05-29', 720, 720);
INSERT OR REPLACE INTO uptime_daily (monitor_id, day, ok, total) VALUES (7, '2026-05-30', 720, 720);
INSERT OR REPLACE INTO uptime_daily (monitor_id, day, ok, total) VALUES (7, '2026-05-31', 720, 720);
INSERT OR REPLACE INTO uptime_daily (monitor_id, day, ok, total) VALUES (7, '2026-06-01', 720, 720);
INSERT OR REPLACE INTO uptime_daily (monitor_id, day, ok, total) VALUES (7, '2026-06-02', 720, 720);
INSERT OR REPLACE INTO uptime_daily (monitor_id, day, ok, total) VALUES (7, '2026-06-03', 720, 720);
INSERT OR REPLACE INTO uptime_daily (monitor_id, day, ok, total) VALUES (7, '2026-06-04', 720, 720);
INSERT OR REPLACE INTO uptime_daily (monitor_id, day, ok, total) VALUES (7, '2026-06-05', 720, 720);
INSERT OR REPLACE INTO uptime_daily (monitor_id, day, ok, total) VALUES (7, '2026-06-06', 720, 720);
INSERT OR REPLACE INTO uptime_daily (monitor_id, day, ok, total) VALUES (7, '2026-06-07', 720, 720);
INSERT OR REPLACE INTO uptime_daily (monitor_id, day, ok, total) VALUES (7, '2026-06-08', 720, 720);
INSERT OR REPLACE INTO uptime_daily (monitor_id, day, ok, total) VALUES (7, '2026-06-09', 720, 720);
INSERT OR REPLACE INTO uptime_daily (monitor_id, day, ok, total) VALUES (7, '2026-06-10', 720, 720);
INSERT OR REPLACE INTO uptime_daily (monitor_id, day, ok, total) VALUES (7, '2026-06-11', 720, 720);
INSERT OR REPLACE INTO uptime_daily (monitor_id, day, ok, total) VALUES (7, '2026-06-12', 720, 720);
INSERT OR REPLACE INTO uptime_daily (monitor_id, day, ok, total) VALUES (7, '2026-06-13', 720, 720);
INSERT OR REPLACE INTO uptime_daily (monitor_id, day, ok, total) VALUES (7, '2026-06-14', 720, 720);
INSERT OR REPLACE INTO uptime_daily (monitor_id, day, ok, total) VALUES (7, '2026-06-15', 720, 720);
INSERT OR REPLACE INTO uptime_daily (monitor_id, day, ok, total) VALUES (7, '2026-06-16', 720, 720);
INSERT OR REPLACE INTO uptime_daily (monitor_id, day, ok, total) VALUES (7, '2026-06-17', 720, 720);
INSERT OR REPLACE INTO uptime_daily (monitor_id, day, ok, total) VALUES (7, '2026-06-18', 720, 720);
INSERT OR REPLACE INTO uptime_daily (monitor_id, day, ok, total) VALUES (7, '2026-06-19', 720, 720);
INSERT OR REPLACE INTO uptime_daily (monitor_id, day, ok, total) VALUES (7, '2026-06-20', 720, 720);
INSERT OR REPLACE INTO uptime_daily (monitor_id, day, ok, total) VALUES (7, '2026-06-21', 720, 720);
INSERT OR REPLACE INTO uptime_daily (monitor_id, day, ok, total) VALUES (7, '2026-06-22', 720, 720);
INSERT OR REPLACE INTO uptime_daily (monitor_id, day, ok, total) VALUES (7, '2026-06-23', 720, 720);
INSERT OR REPLACE INTO uptime_daily (monitor_id, day, ok, total) VALUES (7, '2026-06-24', 720, 720);
INSERT OR REPLACE INTO uptime_daily (monitor_id, day, ok, total) VALUES (7, '2026-06-25', 720, 720);
INSERT OR REPLACE INTO uptime_daily (monitor_id, day, ok, total) VALUES (7, '2026-06-26', 720, 720);
INSERT OR REPLACE INTO uptime_daily (monitor_id, day, ok, total) VALUES (7, '2026-06-27', 720, 720);
INSERT OR REPLACE INTO uptime_daily (monitor_id, day, ok, total) VALUES (7, '2026-06-28', 720, 720);
INSERT OR REPLACE INTO uptime_daily (monitor_id, day, ok, total) VALUES (7, '2026-06-29', 720, 720);
INSERT OR REPLACE INTO uptime_daily (monitor_id, day, ok, total) VALUES (7, '2026-06-30', 720, 720);
INSERT OR REPLACE INTO uptime_daily (monitor_id, day, ok, total) VALUES (7, '2026-07-01', 720, 720);
INSERT OR REPLACE INTO uptime_daily (monitor_id, day, ok, total) VALUES (7, '2026-07-02', 516, 516);
INSERT OR REPLACE INTO uptime_daily (monitor_id, day, ok, total) VALUES (7, '2026-07-03', 721, 721);
INSERT OR REPLACE INTO uptime_daily (monitor_id, day, ok, total) VALUES (7, '2026-07-04', 720, 720);
INSERT OR REPLACE INTO uptime_daily (monitor_id, day, ok, total) VALUES (7, '2026-07-05', 720, 720);
INSERT OR REPLACE INTO uptime_daily (monitor_id, day, ok, total) VALUES (7, '2026-07-06', 720, 720);
INSERT OR REPLACE INTO uptime_daily (monitor_id, day, ok, total) VALUES (7, '2026-07-07', 720, 720);
INSERT OR REPLACE INTO uptime_daily (monitor_id, day, ok, total) VALUES (7, '2026-07-08', 720, 720);
INSERT OR REPLACE INTO uptime_daily (monitor_id, day, ok, total) VALUES (7, '2026-07-09', 720, 720);
INSERT OR REPLACE INTO uptime_daily (monitor_id, day, ok, total) VALUES (7, '2026-07-10', 720, 720);
INSERT OR REPLACE INTO uptime_daily (monitor_id, day, ok, total) VALUES (7, '2026-07-11', 720, 720);
INSERT OR REPLACE INTO uptime_daily (monitor_id, day, ok, total) VALUES (7, '2026-07-12', 720, 720);
INSERT OR REPLACE INTO uptime_daily (monitor_id, day, ok, total) VALUES (7, '2026-07-13', 720, 720);
INSERT OR REPLACE INTO uptime_daily (monitor_id, day, ok, total) VALUES (7, '2026-07-14', 435, 435);
INSERT OR REPLACE INTO uptime_daily (monitor_id, day, ok, total) VALUES (4, '2026-05-19', 720, 720);
INSERT OR REPLACE INTO uptime_daily (monitor_id, day, ok, total) VALUES (4, '2026-05-20', 720, 720);
INSERT OR REPLACE INTO uptime_daily (monitor_id, day, ok, total) VALUES (4, '2026-05-21', 720, 720);
INSERT OR REPLACE INTO uptime_daily (monitor_id, day, ok, total) VALUES (4, '2026-05-22', 720, 720);
INSERT OR REPLACE INTO uptime_daily (monitor_id, day, ok, total) VALUES (4, '2026-05-23', 720, 720);
INSERT OR REPLACE INTO uptime_daily (monitor_id, day, ok, total) VALUES (4, '2026-05-24', 720, 720);
INSERT OR REPLACE INTO uptime_daily (monitor_id, day, ok, total) VALUES (4, '2026-05-25', 720, 720);
INSERT OR REPLACE INTO uptime_daily (monitor_id, day, ok, total) VALUES (4, '2026-05-26', 720, 720);
INSERT OR REPLACE INTO uptime_daily (monitor_id, day, ok, total) VALUES (4, '2026-05-27', 720, 720);
INSERT OR REPLACE INTO uptime_daily (monitor_id, day, ok, total) VALUES (4, '2026-05-28', 720, 720);
INSERT OR REPLACE INTO uptime_daily (monitor_id, day, ok, total) VALUES (4, '2026-05-29', 720, 720);
INSERT OR REPLACE INTO uptime_daily (monitor_id, day, ok, total) VALUES (4, '2026-05-30', 720, 720);
INSERT OR REPLACE INTO uptime_daily (monitor_id, day, ok, total) VALUES (4, '2026-05-31', 720, 720);
INSERT OR REPLACE INTO uptime_daily (monitor_id, day, ok, total) VALUES (4, '2026-06-01', 720, 720);
INSERT OR REPLACE INTO uptime_daily (monitor_id, day, ok, total) VALUES (4, '2026-06-02', 720, 720);
INSERT OR REPLACE INTO uptime_daily (monitor_id, day, ok, total) VALUES (4, '2026-06-03', 720, 720);
INSERT OR REPLACE INTO uptime_daily (monitor_id, day, ok, total) VALUES (4, '2026-06-04', 720, 720);
INSERT OR REPLACE INTO uptime_daily (monitor_id, day, ok, total) VALUES (4, '2026-06-05', 720, 720);
INSERT OR REPLACE INTO uptime_daily (monitor_id, day, ok, total) VALUES (4, '2026-06-06', 720, 720);
INSERT OR REPLACE INTO uptime_daily (monitor_id, day, ok, total) VALUES (4, '2026-06-07', 720, 720);
INSERT OR REPLACE INTO uptime_daily (monitor_id, day, ok, total) VALUES (4, '2026-06-08', 720, 720);
INSERT OR REPLACE INTO uptime_daily (monitor_id, day, ok, total) VALUES (4, '2026-06-09', 720, 720);
INSERT OR REPLACE INTO uptime_daily (monitor_id, day, ok, total) VALUES (4, '2026-06-10', 720, 720);
INSERT OR REPLACE INTO uptime_daily (monitor_id, day, ok, total) VALUES (4, '2026-06-11', 720, 720);
INSERT OR REPLACE INTO uptime_daily (monitor_id, day, ok, total) VALUES (4, '2026-06-12', 720, 720);
INSERT OR REPLACE INTO uptime_daily (monitor_id, day, ok, total) VALUES (4, '2026-06-13', 720, 720);
INSERT OR REPLACE INTO uptime_daily (monitor_id, day, ok, total) VALUES (4, '2026-06-14', 720, 720);
INSERT OR REPLACE INTO uptime_daily (monitor_id, day, ok, total) VALUES (4, '2026-06-15', 720, 720);
INSERT OR REPLACE INTO uptime_daily (monitor_id, day, ok, total) VALUES (4, '2026-06-16', 720, 720);
INSERT OR REPLACE INTO uptime_daily (monitor_id, day, ok, total) VALUES (4, '2026-06-17', 720, 720);
INSERT OR REPLACE INTO uptime_daily (monitor_id, day, ok, total) VALUES (4, '2026-06-18', 720, 720);
INSERT OR REPLACE INTO uptime_daily (monitor_id, day, ok, total) VALUES (4, '2026-06-19', 720, 720);
INSERT OR REPLACE INTO uptime_daily (monitor_id, day, ok, total) VALUES (4, '2026-06-20', 720, 720);
INSERT OR REPLACE INTO uptime_daily (monitor_id, day, ok, total) VALUES (4, '2026-06-21', 720, 720);
INSERT OR REPLACE INTO uptime_daily (monitor_id, day, ok, total) VALUES (4, '2026-06-22', 720, 720);
INSERT OR REPLACE INTO uptime_daily (monitor_id, day, ok, total) VALUES (4, '2026-06-23', 720, 720);
INSERT OR REPLACE INTO uptime_daily (monitor_id, day, ok, total) VALUES (4, '2026-06-24', 720, 720);
INSERT OR REPLACE INTO uptime_daily (monitor_id, day, ok, total) VALUES (4, '2026-06-25', 720, 720);
INSERT OR REPLACE INTO uptime_daily (monitor_id, day, ok, total) VALUES (4, '2026-06-26', 720, 720);
INSERT OR REPLACE INTO uptime_daily (monitor_id, day, ok, total) VALUES (4, '2026-06-27', 720, 720);
INSERT OR REPLACE INTO uptime_daily (monitor_id, day, ok, total) VALUES (4, '2026-06-28', 720, 720);
INSERT OR REPLACE INTO uptime_daily (monitor_id, day, ok, total) VALUES (4, '2026-06-29', 720, 720);
INSERT OR REPLACE INTO uptime_daily (monitor_id, day, ok, total) VALUES (4, '2026-06-30', 720, 720);
INSERT OR REPLACE INTO uptime_daily (monitor_id, day, ok, total) VALUES (4, '2026-07-01', 720, 720);
INSERT OR REPLACE INTO uptime_daily (monitor_id, day, ok, total) VALUES (4, '2026-07-02', 509, 509);
INSERT OR REPLACE INTO uptime_daily (monitor_id, day, ok, total) VALUES (4, '2026-07-03', 721, 721);
INSERT OR REPLACE INTO uptime_daily (monitor_id, day, ok, total) VALUES (4, '2026-07-04', 720, 720);
INSERT OR REPLACE INTO uptime_daily (monitor_id, day, ok, total) VALUES (4, '2026-07-05', 720, 720);
INSERT OR REPLACE INTO uptime_daily (monitor_id, day, ok, total) VALUES (4, '2026-07-06', 720, 720);
INSERT OR REPLACE INTO uptime_daily (monitor_id, day, ok, total) VALUES (4, '2026-07-07', 720, 720);
INSERT OR REPLACE INTO uptime_daily (monitor_id, day, ok, total) VALUES (4, '2026-07-08', 720, 720);
INSERT OR REPLACE INTO uptime_daily (monitor_id, day, ok, total) VALUES (4, '2026-07-09', 720, 720);
INSERT OR REPLACE INTO uptime_daily (monitor_id, day, ok, total) VALUES (4, '2026-07-10', 720, 720);
INSERT OR REPLACE INTO uptime_daily (monitor_id, day, ok, total) VALUES (4, '2026-07-11', 720, 720);
INSERT OR REPLACE INTO uptime_daily (monitor_id, day, ok, total) VALUES (4, '2026-07-12', 720, 720);
INSERT OR REPLACE INTO uptime_daily (monitor_id, day, ok, total) VALUES (4, '2026-07-13', 720, 720);
INSERT OR REPLACE INTO uptime_daily (monitor_id, day, ok, total) VALUES (4, '2026-07-14', 435, 435);
INSERT OR REPLACE INTO uptime_daily (monitor_id, day, ok, total) VALUES (2, '2026-05-19', 720, 720);
INSERT OR REPLACE INTO uptime_daily (monitor_id, day, ok, total) VALUES (2, '2026-05-20', 720, 720);
INSERT OR REPLACE INTO uptime_daily (monitor_id, day, ok, total) VALUES (2, '2026-05-21', 720, 720);
INSERT OR REPLACE INTO uptime_daily (monitor_id, day, ok, total) VALUES (2, '2026-05-22', 720, 720);
INSERT OR REPLACE INTO uptime_daily (monitor_id, day, ok, total) VALUES (2, '2026-05-23', 720, 720);
INSERT OR REPLACE INTO uptime_daily (monitor_id, day, ok, total) VALUES (2, '2026-05-24', 720, 720);
INSERT OR REPLACE INTO uptime_daily (monitor_id, day, ok, total) VALUES (2, '2026-05-25', 720, 720);
INSERT OR REPLACE INTO uptime_daily (monitor_id, day, ok, total) VALUES (2, '2026-05-26', 720, 720);
INSERT OR REPLACE INTO uptime_daily (monitor_id, day, ok, total) VALUES (2, '2026-05-27', 720, 720);
INSERT OR REPLACE INTO uptime_daily (monitor_id, day, ok, total) VALUES (2, '2026-05-28', 720, 720);
INSERT OR REPLACE INTO uptime_daily (monitor_id, day, ok, total) VALUES (2, '2026-05-29', 720, 720);
INSERT OR REPLACE INTO uptime_daily (monitor_id, day, ok, total) VALUES (2, '2026-05-30', 720, 720);
INSERT OR REPLACE INTO uptime_daily (monitor_id, day, ok, total) VALUES (2, '2026-05-31', 720, 720);
INSERT OR REPLACE INTO uptime_daily (monitor_id, day, ok, total) VALUES (2, '2026-06-01', 720, 720);
INSERT OR REPLACE INTO uptime_daily (monitor_id, day, ok, total) VALUES (2, '2026-06-02', 720, 720);
INSERT OR REPLACE INTO uptime_daily (monitor_id, day, ok, total) VALUES (2, '2026-06-03', 720, 720);
INSERT OR REPLACE INTO uptime_daily (monitor_id, day, ok, total) VALUES (2, '2026-06-04', 720, 720);
INSERT OR REPLACE INTO uptime_daily (monitor_id, day, ok, total) VALUES (2, '2026-06-05', 720, 720);
INSERT OR REPLACE INTO uptime_daily (monitor_id, day, ok, total) VALUES (2, '2026-06-06', 720, 720);
INSERT OR REPLACE INTO uptime_daily (monitor_id, day, ok, total) VALUES (2, '2026-06-07', 720, 720);
INSERT OR REPLACE INTO uptime_daily (monitor_id, day, ok, total) VALUES (2, '2026-06-08', 720, 720);
INSERT OR REPLACE INTO uptime_daily (monitor_id, day, ok, total) VALUES (2, '2026-06-09', 720, 720);
INSERT OR REPLACE INTO uptime_daily (monitor_id, day, ok, total) VALUES (2, '2026-06-10', 720, 720);
INSERT OR REPLACE INTO uptime_daily (monitor_id, day, ok, total) VALUES (2, '2026-06-11', 720, 720);
INSERT OR REPLACE INTO uptime_daily (monitor_id, day, ok, total) VALUES (2, '2026-06-12', 720, 720);
INSERT OR REPLACE INTO uptime_daily (monitor_id, day, ok, total) VALUES (2, '2026-06-13', 720, 720);
INSERT OR REPLACE INTO uptime_daily (monitor_id, day, ok, total) VALUES (2, '2026-06-14', 720, 720);
INSERT OR REPLACE INTO uptime_daily (monitor_id, day, ok, total) VALUES (2, '2026-06-15', 720, 720);
INSERT OR REPLACE INTO uptime_daily (monitor_id, day, ok, total) VALUES (2, '2026-06-16', 720, 720);
INSERT OR REPLACE INTO uptime_daily (monitor_id, day, ok, total) VALUES (2, '2026-06-17', 720, 720);
INSERT OR REPLACE INTO uptime_daily (monitor_id, day, ok, total) VALUES (2, '2026-06-18', 720, 720);
INSERT OR REPLACE INTO uptime_daily (monitor_id, day, ok, total) VALUES (2, '2026-06-19', 720, 720);
INSERT OR REPLACE INTO uptime_daily (monitor_id, day, ok, total) VALUES (2, '2026-06-20', 720, 720);
INSERT OR REPLACE INTO uptime_daily (monitor_id, day, ok, total) VALUES (2, '2026-06-21', 720, 720);
INSERT OR REPLACE INTO uptime_daily (monitor_id, day, ok, total) VALUES (2, '2026-06-22', 720, 720);
INSERT OR REPLACE INTO uptime_daily (monitor_id, day, ok, total) VALUES (2, '2026-06-23', 720, 720);
INSERT OR REPLACE INTO uptime_daily (monitor_id, day, ok, total) VALUES (2, '2026-06-24', 720, 720);
INSERT OR REPLACE INTO uptime_daily (monitor_id, day, ok, total) VALUES (2, '2026-06-25', 720, 720);
INSERT OR REPLACE INTO uptime_daily (monitor_id, day, ok, total) VALUES (2, '2026-06-26', 720, 720);
INSERT OR REPLACE INTO uptime_daily (monitor_id, day, ok, total) VALUES (2, '2026-06-27', 720, 720);
INSERT OR REPLACE INTO uptime_daily (monitor_id, day, ok, total) VALUES (2, '2026-06-28', 720, 720);
INSERT OR REPLACE INTO uptime_daily (monitor_id, day, ok, total) VALUES (2, '2026-06-29', 720, 720);
INSERT OR REPLACE INTO uptime_daily (monitor_id, day, ok, total) VALUES (2, '2026-06-30', 720, 720);
INSERT OR REPLACE INTO uptime_daily (monitor_id, day, ok, total) VALUES (2, '2026-07-01', 720, 720);
INSERT OR REPLACE INTO uptime_daily (monitor_id, day, ok, total) VALUES (2, '2026-07-02', 512, 512);
INSERT OR REPLACE INTO uptime_daily (monitor_id, day, ok, total) VALUES (2, '2026-07-03', 720, 721);
INSERT OR REPLACE INTO uptime_daily (monitor_id, day, ok, total) VALUES (2, '2026-07-04', 720, 720);
INSERT OR REPLACE INTO uptime_daily (monitor_id, day, ok, total) VALUES (2, '2026-07-05', 720, 720);
INSERT OR REPLACE INTO uptime_daily (monitor_id, day, ok, total) VALUES (2, '2026-07-06', 720, 720);
INSERT OR REPLACE INTO uptime_daily (monitor_id, day, ok, total) VALUES (2, '2026-07-07', 720, 720);
INSERT OR REPLACE INTO uptime_daily (monitor_id, day, ok, total) VALUES (2, '2026-07-08', 720, 720);
INSERT OR REPLACE INTO uptime_daily (monitor_id, day, ok, total) VALUES (2, '2026-07-09', 720, 720);
INSERT OR REPLACE INTO uptime_daily (monitor_id, day, ok, total) VALUES (2, '2026-07-10', 720, 720);
INSERT OR REPLACE INTO uptime_daily (monitor_id, day, ok, total) VALUES (2, '2026-07-11', 720, 720);
INSERT OR REPLACE INTO uptime_daily (monitor_id, day, ok, total) VALUES (2, '2026-07-12', 720, 720);
INSERT OR REPLACE INTO uptime_daily (monitor_id, day, ok, total) VALUES (2, '2026-07-13', 720, 720);
INSERT OR REPLACE INTO uptime_daily (monitor_id, day, ok, total) VALUES (2, '2026-07-14', 435, 435);
INSERT OR REPLACE INTO uptime_daily (monitor_id, day, ok, total) VALUES (6, '2026-05-19', 720, 720);
INSERT OR REPLACE INTO uptime_daily (monitor_id, day, ok, total) VALUES (6, '2026-05-20', 720, 720);
INSERT OR REPLACE INTO uptime_daily (monitor_id, day, ok, total) VALUES (6, '2026-05-21', 720, 720);
INSERT OR REPLACE INTO uptime_daily (monitor_id, day, ok, total) VALUES (6, '2026-05-22', 720, 720);
INSERT OR REPLACE INTO uptime_daily (monitor_id, day, ok, total) VALUES (6, '2026-05-23', 720, 720);
INSERT OR REPLACE INTO uptime_daily (monitor_id, day, ok, total) VALUES (6, '2026-05-24', 720, 720);
INSERT OR REPLACE INTO uptime_daily (monitor_id, day, ok, total) VALUES (6, '2026-05-25', 720, 720);
INSERT OR REPLACE INTO uptime_daily (monitor_id, day, ok, total) VALUES (6, '2026-05-26', 720, 720);
INSERT OR REPLACE INTO uptime_daily (monitor_id, day, ok, total) VALUES (6, '2026-05-27', 720, 720);
INSERT OR REPLACE INTO uptime_daily (monitor_id, day, ok, total) VALUES (6, '2026-05-28', 720, 720);
INSERT OR REPLACE INTO uptime_daily (monitor_id, day, ok, total) VALUES (6, '2026-05-29', 720, 720);
INSERT OR REPLACE INTO uptime_daily (monitor_id, day, ok, total) VALUES (6, '2026-05-30', 720, 720);
INSERT OR REPLACE INTO uptime_daily (monitor_id, day, ok, total) VALUES (6, '2026-05-31', 720, 720);
INSERT OR REPLACE INTO uptime_daily (monitor_id, day, ok, total) VALUES (6, '2026-06-01', 720, 720);
INSERT OR REPLACE INTO uptime_daily (monitor_id, day, ok, total) VALUES (6, '2026-06-02', 720, 720);
INSERT OR REPLACE INTO uptime_daily (monitor_id, day, ok, total) VALUES (6, '2026-06-03', 720, 720);
INSERT OR REPLACE INTO uptime_daily (monitor_id, day, ok, total) VALUES (6, '2026-06-04', 720, 720);
INSERT OR REPLACE INTO uptime_daily (monitor_id, day, ok, total) VALUES (6, '2026-06-05', 720, 720);
INSERT OR REPLACE INTO uptime_daily (monitor_id, day, ok, total) VALUES (6, '2026-06-06', 720, 720);
INSERT OR REPLACE INTO uptime_daily (monitor_id, day, ok, total) VALUES (6, '2026-06-07', 720, 720);
INSERT OR REPLACE INTO uptime_daily (monitor_id, day, ok, total) VALUES (6, '2026-06-08', 720, 720);
INSERT OR REPLACE INTO uptime_daily (monitor_id, day, ok, total) VALUES (6, '2026-06-09', 720, 720);
INSERT OR REPLACE INTO uptime_daily (monitor_id, day, ok, total) VALUES (6, '2026-06-10', 720, 720);
INSERT OR REPLACE INTO uptime_daily (monitor_id, day, ok, total) VALUES (6, '2026-06-11', 720, 720);
INSERT OR REPLACE INTO uptime_daily (monitor_id, day, ok, total) VALUES (6, '2026-06-12', 720, 720);
INSERT OR REPLACE INTO uptime_daily (monitor_id, day, ok, total) VALUES (6, '2026-06-13', 720, 720);
INSERT OR REPLACE INTO uptime_daily (monitor_id, day, ok, total) VALUES (6, '2026-06-14', 720, 720);
INSERT OR REPLACE INTO uptime_daily (monitor_id, day, ok, total) VALUES (6, '2026-06-15', 720, 720);
INSERT OR REPLACE INTO uptime_daily (monitor_id, day, ok, total) VALUES (6, '2026-06-16', 720, 720);
INSERT OR REPLACE INTO uptime_daily (monitor_id, day, ok, total) VALUES (6, '2026-06-17', 720, 720);
INSERT OR REPLACE INTO uptime_daily (monitor_id, day, ok, total) VALUES (6, '2026-06-18', 720, 720);
INSERT OR REPLACE INTO uptime_daily (monitor_id, day, ok, total) VALUES (6, '2026-06-19', 720, 720);
INSERT OR REPLACE INTO uptime_daily (monitor_id, day, ok, total) VALUES (6, '2026-06-20', 720, 720);
INSERT OR REPLACE INTO uptime_daily (monitor_id, day, ok, total) VALUES (6, '2026-06-21', 720, 720);
INSERT OR REPLACE INTO uptime_daily (monitor_id, day, ok, total) VALUES (6, '2026-06-22', 720, 720);
INSERT OR REPLACE INTO uptime_daily (monitor_id, day, ok, total) VALUES (6, '2026-06-23', 720, 720);
INSERT OR REPLACE INTO uptime_daily (monitor_id, day, ok, total) VALUES (6, '2026-06-24', 720, 720);
INSERT OR REPLACE INTO uptime_daily (monitor_id, day, ok, total) VALUES (6, '2026-06-25', 720, 720);
INSERT OR REPLACE INTO uptime_daily (monitor_id, day, ok, total) VALUES (6, '2026-06-26', 720, 720);
INSERT OR REPLACE INTO uptime_daily (monitor_id, day, ok, total) VALUES (6, '2026-06-27', 720, 720);
INSERT OR REPLACE INTO uptime_daily (monitor_id, day, ok, total) VALUES (6, '2026-06-28', 720, 720);
INSERT OR REPLACE INTO uptime_daily (monitor_id, day, ok, total) VALUES (6, '2026-06-29', 720, 720);
INSERT OR REPLACE INTO uptime_daily (monitor_id, day, ok, total) VALUES (6, '2026-06-30', 720, 720);
INSERT OR REPLACE INTO uptime_daily (monitor_id, day, ok, total) VALUES (6, '2026-07-01', 720, 720);
INSERT OR REPLACE INTO uptime_daily (monitor_id, day, ok, total) VALUES (6, '2026-07-02', 516, 516);
INSERT OR REPLACE INTO uptime_daily (monitor_id, day, ok, total) VALUES (6, '2026-07-03', 721, 721);
INSERT OR REPLACE INTO uptime_daily (monitor_id, day, ok, total) VALUES (6, '2026-07-04', 720, 720);
INSERT OR REPLACE INTO uptime_daily (monitor_id, day, ok, total) VALUES (6, '2026-07-05', 720, 720);
INSERT OR REPLACE INTO uptime_daily (monitor_id, day, ok, total) VALUES (6, '2026-07-06', 720, 720);
INSERT OR REPLACE INTO uptime_daily (monitor_id, day, ok, total) VALUES (6, '2026-07-07', 720, 720);
INSERT OR REPLACE INTO uptime_daily (monitor_id, day, ok, total) VALUES (6, '2026-07-08', 720, 720);
INSERT OR REPLACE INTO uptime_daily (monitor_id, day, ok, total) VALUES (6, '2026-07-09', 720, 720);
INSERT OR REPLACE INTO uptime_daily (monitor_id, day, ok, total) VALUES (6, '2026-07-10', 720, 720);
INSERT OR REPLACE INTO uptime_daily (monitor_id, day, ok, total) VALUES (6, '2026-07-11', 720, 720);
INSERT OR REPLACE INTO uptime_daily (monitor_id, day, ok, total) VALUES (6, '2026-07-12', 720, 720);
INSERT OR REPLACE INTO uptime_daily (monitor_id, day, ok, total) VALUES (6, '2026-07-13', 720, 720);
INSERT OR REPLACE INTO uptime_daily (monitor_id, day, ok, total) VALUES (6, '2026-07-14', 435, 435);
INSERT OR REPLACE INTO uptime_daily (monitor_id, day, ok, total) VALUES (1, '2026-05-19', 720, 720);
INSERT OR REPLACE INTO uptime_daily (monitor_id, day, ok, total) VALUES (1, '2026-05-20', 720, 720);
INSERT OR REPLACE INTO uptime_daily (monitor_id, day, ok, total) VALUES (1, '2026-05-21', 720, 720);
INSERT OR REPLACE INTO uptime_daily (monitor_id, day, ok, total) VALUES (1, '2026-05-22', 720, 720);
INSERT OR REPLACE INTO uptime_daily (monitor_id, day, ok, total) VALUES (1, '2026-05-23', 720, 720);
INSERT OR REPLACE INTO uptime_daily (monitor_id, day, ok, total) VALUES (1, '2026-05-24', 720, 720);
INSERT OR REPLACE INTO uptime_daily (monitor_id, day, ok, total) VALUES (1, '2026-05-25', 720, 720);
INSERT OR REPLACE INTO uptime_daily (monitor_id, day, ok, total) VALUES (1, '2026-05-26', 720, 720);
INSERT OR REPLACE INTO uptime_daily (monitor_id, day, ok, total) VALUES (1, '2026-05-27', 720, 720);
INSERT OR REPLACE INTO uptime_daily (monitor_id, day, ok, total) VALUES (1, '2026-05-28', 720, 720);
INSERT OR REPLACE INTO uptime_daily (monitor_id, day, ok, total) VALUES (1, '2026-05-29', 720, 720);
INSERT OR REPLACE INTO uptime_daily (monitor_id, day, ok, total) VALUES (1, '2026-05-30', 720, 720);
INSERT OR REPLACE INTO uptime_daily (monitor_id, day, ok, total) VALUES (1, '2026-05-31', 720, 720);
INSERT OR REPLACE INTO uptime_daily (monitor_id, day, ok, total) VALUES (1, '2026-06-01', 720, 720);
INSERT OR REPLACE INTO uptime_daily (monitor_id, day, ok, total) VALUES (1, '2026-06-02', 720, 720);
INSERT OR REPLACE INTO uptime_daily (monitor_id, day, ok, total) VALUES (1, '2026-06-03', 720, 720);
INSERT OR REPLACE INTO uptime_daily (monitor_id, day, ok, total) VALUES (1, '2026-06-04', 720, 720);
INSERT OR REPLACE INTO uptime_daily (monitor_id, day, ok, total) VALUES (1, '2026-06-05', 720, 720);
INSERT OR REPLACE INTO uptime_daily (monitor_id, day, ok, total) VALUES (1, '2026-06-06', 720, 720);
INSERT OR REPLACE INTO uptime_daily (monitor_id, day, ok, total) VALUES (1, '2026-06-07', 720, 720);
INSERT OR REPLACE INTO uptime_daily (monitor_id, day, ok, total) VALUES (1, '2026-06-08', 720, 720);
INSERT OR REPLACE INTO uptime_daily (monitor_id, day, ok, total) VALUES (1, '2026-06-09', 720, 720);
INSERT OR REPLACE INTO uptime_daily (monitor_id, day, ok, total) VALUES (1, '2026-06-10', 720, 720);
INSERT OR REPLACE INTO uptime_daily (monitor_id, day, ok, total) VALUES (1, '2026-06-11', 720, 720);
INSERT OR REPLACE INTO uptime_daily (monitor_id, day, ok, total) VALUES (1, '2026-06-12', 720, 720);
INSERT OR REPLACE INTO uptime_daily (monitor_id, day, ok, total) VALUES (1, '2026-06-13', 720, 720);
INSERT OR REPLACE INTO uptime_daily (monitor_id, day, ok, total) VALUES (1, '2026-06-14', 720, 720);
INSERT OR REPLACE INTO uptime_daily (monitor_id, day, ok, total) VALUES (1, '2026-06-15', 720, 720);
INSERT OR REPLACE INTO uptime_daily (monitor_id, day, ok, total) VALUES (1, '2026-06-16', 720, 720);
INSERT OR REPLACE INTO uptime_daily (monitor_id, day, ok, total) VALUES (1, '2026-06-17', 720, 720);
INSERT OR REPLACE INTO uptime_daily (monitor_id, day, ok, total) VALUES (1, '2026-06-18', 720, 720);
INSERT OR REPLACE INTO uptime_daily (monitor_id, day, ok, total) VALUES (1, '2026-06-19', 720, 720);
INSERT OR REPLACE INTO uptime_daily (monitor_id, day, ok, total) VALUES (1, '2026-06-20', 720, 720);
INSERT OR REPLACE INTO uptime_daily (monitor_id, day, ok, total) VALUES (1, '2026-06-21', 720, 720);
INSERT OR REPLACE INTO uptime_daily (monitor_id, day, ok, total) VALUES (1, '2026-06-22', 720, 720);
INSERT OR REPLACE INTO uptime_daily (monitor_id, day, ok, total) VALUES (1, '2026-06-23', 720, 720);
INSERT OR REPLACE INTO uptime_daily (monitor_id, day, ok, total) VALUES (1, '2026-06-24', 720, 720);
INSERT OR REPLACE INTO uptime_daily (monitor_id, day, ok, total) VALUES (1, '2026-06-25', 720, 720);
INSERT OR REPLACE INTO uptime_daily (monitor_id, day, ok, total) VALUES (1, '2026-06-26', 720, 720);
INSERT OR REPLACE INTO uptime_daily (monitor_id, day, ok, total) VALUES (1, '2026-06-27', 720, 720);
INSERT OR REPLACE INTO uptime_daily (monitor_id, day, ok, total) VALUES (1, '2026-06-28', 720, 720);
INSERT OR REPLACE INTO uptime_daily (monitor_id, day, ok, total) VALUES (1, '2026-06-29', 720, 720);
INSERT OR REPLACE INTO uptime_daily (monitor_id, day, ok, total) VALUES (1, '2026-06-30', 720, 720);
INSERT OR REPLACE INTO uptime_daily (monitor_id, day, ok, total) VALUES (1, '2026-07-01', 720, 720);
INSERT OR REPLACE INTO uptime_daily (monitor_id, day, ok, total) VALUES (1, '2026-07-02', 550, 550);
INSERT OR REPLACE INTO uptime_daily (monitor_id, day, ok, total) VALUES (1, '2026-07-03', 720, 721);
INSERT OR REPLACE INTO uptime_daily (monitor_id, day, ok, total) VALUES (1, '2026-07-04', 720, 720);
INSERT OR REPLACE INTO uptime_daily (monitor_id, day, ok, total) VALUES (1, '2026-07-05', 720, 720);
INSERT OR REPLACE INTO uptime_daily (monitor_id, day, ok, total) VALUES (1, '2026-07-06', 720, 720);
INSERT OR REPLACE INTO uptime_daily (monitor_id, day, ok, total) VALUES (1, '2026-07-07', 720, 720);
INSERT OR REPLACE INTO uptime_daily (monitor_id, day, ok, total) VALUES (1, '2026-07-08', 720, 720);
INSERT OR REPLACE INTO uptime_daily (monitor_id, day, ok, total) VALUES (1, '2026-07-09', 720, 720);
INSERT OR REPLACE INTO uptime_daily (monitor_id, day, ok, total) VALUES (1, '2026-07-10', 720, 720);
INSERT OR REPLACE INTO uptime_daily (monitor_id, day, ok, total) VALUES (1, '2026-07-11', 720, 720);
INSERT OR REPLACE INTO uptime_daily (monitor_id, day, ok, total) VALUES (1, '2026-07-12', 720, 720);
INSERT OR REPLACE INTO uptime_daily (monitor_id, day, ok, total) VALUES (1, '2026-07-13', 720, 720);
INSERT OR REPLACE INTO uptime_daily (monitor_id, day, ok, total) VALUES (1, '2026-07-14', 435, 435);

-- incidents

-- reports
INSERT OR REPLACE INTO reports (id, page_id, title, status, created_at, updated_at) VALUES (1, 1, 'Email delivery degraded', 'resolved', '2026-07-02T05:00:01+00:00', '2026-07-02T05:01:30+00:00');
INSERT OR REPLACE INTO report_updates (id, report_id, status, message, date, created_at) VALUES (1, 1, 'investigating', 'We are investigating reports of delayed and failed email delivery via our SES integration. Some outbound messages may be delayed or not sent. We will provide updates as we learn more.', '2026-07-02T04:59:00+00:00', '2026-07-02T05:00:01+00:00');
INSERT OR REPLACE INTO report_update_components (report_update_id, component_id, impact) VALUES (1, 2, 'major_outage');
INSERT OR REPLACE INTO report_updates (id, report_id, status, message, date, created_at) VALUES (2, 1, 'resolved', 'This was a live test of our incident-reporting system, not a real outage. Email delivery was never actually affected. Marking as resolved.', '2026-07-02T05:03:00+00:00', '2026-07-02T05:01:30+00:00');
INSERT OR REPLACE INTO report_update_components (report_update_id, component_id, impact) VALUES (2, 2, 'operational');
INSERT OR REPLACE INTO reports (id, page_id, title, status, created_at, updated_at) VALUES (2, 1, 'Testing subscriber notifications', 'resolved', '2026-07-02T05:24:37+00:00', '2026-07-02T06:05:09+00:00');
INSERT OR REPLACE INTO report_updates (id, report_id, status, message, date, created_at) VALUES (3, 2, 'investigating', 'This is a live test to confirm subscriber email notifications are delivered correctly. Not a real incident.', '2026-07-02T05:25:00+00:00', '2026-07-02T05:24:37+00:00');
INSERT OR REPLACE INTO report_update_components (report_update_id, component_id, impact) VALUES (3, 1, 'degraded_performance');
INSERT OR REPLACE INTO report_updates (id, report_id, status, message, date, created_at) VALUES (4, 2, 'resolved', 'Notification test confirmed working. Not a real incident.', '2026-07-02T06:06:00+00:00', '2026-07-02T06:05:09+00:00');
INSERT OR REPLACE INTO report_update_components (report_update_id, component_id, impact) VALUES (4, 1, 'operational');

-- maintenances
INSERT OR REPLACE INTO maintenances (id, page_id, title, message, start_at, end_at, created_at, updated_at) VALUES (1, 1, 'Scheduled Email Service Maintenance', 'We will be performing scheduled maintenance on our email sending infrastructure (Amazon SES). Email delivery may be delayed or temporarily unavailable during this window. No action is needed on your part.', '2026-07-03T04:57:14+00:00', '2026-07-03T05:57:14+00:00', '2026-07-02T04:57:32+00:00', '2026-07-02T04:57:32+00:00');
INSERT OR REPLACE INTO maintenance_components (maintenance_id, component_id) VALUES (1, 2);

-- subscribers
INSERT OR REPLACE INTO subscribers (token, email, component_ids, accepted_at, unsubscribed_at, expires_at, created_at, updated_at) VALUES ('2a81708a-991b-4d12-8d5f-51e9b4c5fe55', 'luka@lukaloehr.com', '[]', '2026-07-03T16:50:17.201Z', NULL, '2026-07-10T16:49:59.196Z', '2026-07-03T16:49:59.196Z', '2026-07-03T16:50:32.339Z');

COMMIT;
PRAGMA foreign_keys = ON;
